Model,Test_Loss,Test_Accuracy
CNN_Simple_Model,0.35149410367012024,0.8491479158401489
CNN_Complex_model,0.339647114276886,0.8582232594490051
