Model,Test_Loss,Test_Accuracy
CNN_Simple_Model,0.3470860421657562,0.8517696857452393
CNN_Complex_model,0.348434180021286,0.8544923067092896
