Model,Test_Loss,Test_Accuracy
LSTM_Simple_Model,0.3373628258705139,0.8565090298652649
LSTM_more_layers,0.35545921325683594,0.8519713878631592
LSTM_with_dropout ,0.3548336625099182,0.8441060781478882
LSTM_Bidirectional,0.35250359773635864,0.8504588007926941
LSTM_Complex_model,0.3562820851802826,0.8517696857452393
LSTM_Complex_model_1,0.3411129415035248,0.8514671921730042
