Model,Test_Loss,Test_Accuracy
Simple_neural_network_model,0.3718169033527374,0.8394675850868225
Complex_neural_network_model,0.4117945730686188,0.8443077802658081
