Model,Test_Loss,Test_Accuracy
RNN_Simple_Model,0.3468113839626312,0.849450409412384
RNN_Multiple_RNN_layers,0.38020116090774536,0.836644172668457
RNN_Bidirectional_RNN,0.351778119802475,0.8465261459350586
RNN_Regularization_techniques_Dropout,0.36148306727409363,0.8414843082427979
RNN_Complex_model,0.3463287353515625,0.8556014895439148
RNN_Complex_model_1,0.4052869379520416,0.8099223375320435
