Model,Test_Loss,Test_Accuracy
Simple Model,0.3393021523952484,0.8549964427947998
Multiple RNN layers,0.38729315996170044,0.8316022753715515
Bidirectional RNN,0.33863964676856995,0.8564081788063049
Regularization techniques (Dropout),0.3469994366168976,0.8522738814353943
Complex RNN model,0.38231685757637024,0.8440052270889282
Complex_RNN_model_1,0.38231685757637024,0.8440052270889282
